[{"Year":2012,"Count":90861,"State":"ALABAMA","StateCode":"AL"},{"Year":2012,"Count":34207,"State":"ALASKA","StateCode":"AK"},{"Year":2012,"Count":1564,"State":"AMERICAN SAMOA","StateCode":"AS"},{"Year":2012,"Count":210841,"State":"ARIZONA","StateCode":"AZ"},{"Year":2012,"Count":58087,"State":"ARKANSAS","StateCode":"AR"},{"Year":2012,"Count":1722977,"State":"CALIFORNIA","StateCode":"CA"},{"Year":2012,"Count":215739,"State":"COLORADO","StateCode":"CO"},{"Year":2012,"Count":174893,"State":"CONNECTICUT","StateCode":"CT"},{"Year":2012,"Count":31700,"State":"DELAWARE","StateCode":"DE"},{"Year":2012,"Count":145086,"State":"DISTRICT OF COLUMBIA","StateCode":"DC"},{"Year":2012,"Count":778410,"State":"FLORIDA","StateCode":"FL"},{"Year":2012,"Count":304497,"State":"GEORGIA","StateCode":"GA"},{"Year":2012,"Count":13245,"State":"GUAM","StateCode":"GU"},{"Year":2012,"Count":61560,"State":"HAWAII","StateCode":"HI"},{"Year":2012,"Count":46927,"State":"IDAHO","StateCode":"ID"},{"Year":2012,"Count":507154,"State":"ILLINOIS","StateCode":"IL"},{"Year":2012,"Count":166360,"State":"INDIANA","StateCode":"IN"},{"Year":2012,"Count":93676,"State":"IOWA","StateCode":"IA"},{"Year":2012,"Count":83807,"State":"KANSAS","StateCode":"KS"},{"Year":2012,"Count":87247,"State":"KENTUCKY","StateCode":"KY"},{"Year":2012,"Count":96624,"State":"LOUISIANA","StateCode":"LA"},{"Year":2012,"Count":46941,"State":"MAINE","StateCode":"ME"},{"Year":2012,"Count":261044,"State":"MARYLAND","StateCode":"MD"},{"Year":2012,"Count":350177,"State":"MASSACHUSETTS","StateCode":"MA"},{"Year":2012,"Count":285568,"State":"MICHIGAN","StateCode":"MI"},{"Year":2012,"Count":220294,"State":"MINNESOTA","StateCode":"MN"},{"Year":2012,"Count":44672,"State":"MISSISSIPPI","StateCode":"MS"},{"Year":2012,"Count":158400,"State":"MISSOURI","StateCode":"MO"},{"Year":2012,"Count":33668,"State":"MONTANA","StateCode":"MT"},{"Year":2012,"Count":55069,"State":"NEBRASKA","StateCode":"NE"},{"Year":2012,"Count":91363,"State":"NEVADA","StateCode":"NV"},{"Year":2012,"Count":58840,"State":"NEW HAMPSHIRE","StateCode":"NH"},{"Year":2012,"Count":501108,"State":"NEW JERSEY","StateCode":"NJ"},{"Year":2012,"Count":49209,"State":"NEW MEXICO","StateCode":"NM"},{"Year":2012,"Count":1008588,"State":"NEW YORK","StateCode":"NY"},{"Year":2012,"Count":257914,"State":"NORTH CAROLINA","StateCode":"NC"},{"Year":2012,"Count":25213,"State":"NORTH DAKOTA","StateCode":"ND"},{"Year":2012,"Count":3051,"State":"NORTHERN MARIANAS","StateCode":"MP"},{"Year":2012,"Count":325645,"State":"OHIO","StateCode":"OH"},{"Year":2012,"Count":92870,"State":"OKLAHOMA","StateCode":"OK"},{"Year":2012,"Count":141117,"State":"OREGON","StateCode":"OR"},{"Year":2012,"Count":436659,"State":"PENNSYLVANIA","StateCode":"PA"},{"Year":2012,"Count":93836,"State":"PUERTO RICO","StateCode":"PR"},{"Year":2012,"Count":44058,"State":"RHODE ISLAND","StateCode":"RI"},{"Year":2012,"Count":210722,"State":"SOUTH CAROLINA","StateCode":"SC"},{"Year":2012,"Count":23603,"State":"SOUTH DAKOTA","StateCode":"SD"},{"Year":2012,"Count":149622,"State":"TENNESSEE","StateCode":"TN"},{"Year":2012,"Count":888575,"State":"TEXAS","StateCode":"TX"},{"Year":2012,"Count":101648,"State":"UTAH","StateCode":"UT"},{"Year":2012,"Count":25809,"State":"VERMONT","StateCode":"VT"},{"Year":2012,"Count":9318,"State":"VIRGIN ISLANDS","StateCode":"VI"},{"Year":2012,"Count":328469,"State":"VIRGINIA","StateCode":"VA"},{"Year":2012,"Count":290742,"State":"WASHINGTON","StateCode":"WA"},{"Year":2012,"Count":31605,"State":"WEST VIRGINIA","StateCode":"WV"},{"Year":2012,"Count":178406,"State":"WISCONSIN","StateCode":"WI"},{"Year":2012,"Count":17782,"State":"WYOMING","StateCode":"WY"},{"Year":2011,"Count":99122,"State":"ALABAMA","StateCode":"AL"},{"Year":2011,"Count":33587,"State":"ALASKA","StateCode":"AK"},{"Year":2011,"Count":1509,"State":"AMERICAN SAMOA","StateCode":"AS"},{"Year":2011,"Count":196629,"State":"ARIZONA","StateCode":"AZ"},{"Year":2011,"Count":56071,"State":"ARKANSAS","StateCode":"AR"},{"Year":2011,"Count":1600966,"State":"CALIFORNIA","StateCode":"CA"},{"Year":2011,"Count":200567,"State":"COLORADO","StateCode":"CO"},{"Year":2011,"Count":162544,"State":"CONNECTICUT","StateCode":"CT"},{"Year":2011,"Count":31051,"State":"DELAWARE","StateCode":"DE"},{"Year":2011,"Count":155947,"State":"DISTRICT OF COLUMBIA","StateCode":"DC"},{"Year":2011,"Count":768267,"State":"FLORIDA","StateCode":"FL"},{"Year":2011,"Count":304020,"State":"GEORGIA","StateCode":"GA"},{"Year":2011,"Count":10753,"State":"GUAM","StateCode":"GU"},{"Year":2011,"Count":53993,"State":"HAWAII","StateCode":"HI"},{"Year":2011,"Count":44255,"State":"IDAHO","StateCode":"ID"},{"Year":2011,"Count":481337,"State":"ILLINOIS","StateCode":"IL"},{"Year":2011,"Count":159456,"State":"INDIANA","StateCode":"IN"},{"Year":2011,"Count":87077,"State":"IOWA","StateCode":"IA"},{"Year":2011,"Count":81013,"State":"KANSAS","StateCode":"KS"},{"Year":2011,"Count":85426,"State":"KENTUCKY","StateCode":"KY"},{"Year":2011,"Count":97497,"State":"LOUISIANA","StateCode":"LA"},{"Year":2011,"Count":47138,"State":"MAINE","StateCode":"ME"},{"Year":2011,"Count":249232,"State":"MARYLAND","StateCode":"MD"},{"Year":2011,"Count":333636,"State":"MASSACHUSETTS","StateCode":"MA"},{"Year":2011,"Count":270717,"State":"MICHIGAN","StateCode":"MI"},{"Year":2011,"Count":203012,"State":"MINNESOTA","StateCode":"MN"},{"Year":2011,"Count":45836,"State":"MISSISSIPPI","StateCode":"MS"},{"Year":2011,"Count":154174,"State":"MISSOURI","StateCode":"MO"},{"Year":2011,"Count":30939,"State":"MONTANA","StateCode":"MT"},{"Year":2011,"Count":52502,"State":"NEBRASKA","StateCode":"NE"},{"Year":2011,"Count":88286,"State":"NEVADA","StateCode":"NV"},{"Year":2011,"Count":54922,"State":"NEW HAMPSHIRE","StateCode":"NH"},{"Year":2011,"Count":446964,"State":"NEW JERSEY","StateCode":"NJ"},{"Year":2011,"Count":47476,"State":"NEW MEXICO","StateCode":"NM"},{"Year":2011,"Count":923888,"State":"NEW YORK","StateCode":"NY"},{"Year":2011,"Count":255548,"State":"NORTH CAROLINA","StateCode":"NC"},{"Year":2011,"Count":22750,"State":"NORTH DAKOTA","StateCode":"ND"},{"Year":2011,"Count":2411,"State":"NORTHERN MARIANAS","StateCode":"MP"},{"Year":2011,"Count":301845,"State":"OHIO","StateCode":"OH"},{"Year":2011,"Count":86289,"State":"OKLAHOMA","StateCode":"OK"},{"Year":2011,"Count":135528,"State":"OREGON","StateCode":"OR"},{"Year":2011,"Count":419980,"State":"PENNSYLVANIA","StateCode":"PA"},{"Year":2011,"Count":87638,"State":"PUERTO RICO","StateCode":"PR"},{"Year":2011,"Count":41771,"State":"RHODE ISLAND","StateCode":"RI"},{"Year":2011,"Count":178371,"State":"SOUTH CAROLINA","StateCode":"SC"},{"Year":2011,"Count":21642,"State":"SOUTH DAKOTA","StateCode":"SD"},{"Year":2011,"Count":144539,"State":"TENNESSEE","StateCode":"TN"},{"Year":2011,"Count":800648,"State":"TEXAS","StateCode":"TX"},{"Year":2011,"Count":96849,"State":"UTAH","StateCode":"UT"},{"Year":2011,"Count":23819,"State":"VERMONT","StateCode":"VT"},{"Year":2011,"Count":8844,"State":"VIRGIN ISLANDS","StateCode":"VI"},{"Year":2011,"Count":316172,"State":"VIRGINIA","StateCode":"VA"},{"Year":2011,"Count":271283,"State":"WASHINGTON","StateCode":"WA"},{"Year":2011,"Count":30156,"State":"WEST VIRGINIA","StateCode":"WV"},{"Year":2011,"Count":168937,"State":"WISCONSIN","StateCode":"WI"},{"Year":2011,"Count":16445,"State":"WYOMING","StateCode":"WY"},{"Year":2010,"Count":111079,"State":"ALABAMA","StateCode":"AL"},{"Year":2010,"Count":42722,"State":"ALASKA","StateCode":"AK"},{"Year":2010,"Count":1912,"State":"AMERICAN SAMOA","StateCode":"AS"},{"Year":2010,"Count":289901,"State":"ARIZONA","StateCode":"AZ"},{"Year":2010,"Count":67737,"State":"ARKANSAS","StateCode":"AR"},{"Year":2010,"Count":1939159,"State":"CALIFORNIA","StateCode":"CA"},{"Year":2010,"Count":238713,"State":"COLORADO","StateCode":"CO"},{"Year":2010,"Count":197136,"State":"CONNECTICUT","StateCode":"CT"},{"Year":2010,"Count":36994,"State":"DELAWARE","StateCode":"DE"},{"Year":2010,"Count":183072,"State":"DISTRICT OF COLUMBIA","StateCode":"DC"},{"Year":2010,"Count":904674,"State":"FLORIDA","StateCode":"FL"},{"Year":2010,"Count":350450,"State":"GEORGIA","StateCode":"GA"},{"Year":2010,"Count":12371,"State":"GUAM","StateCode":"GU"},{"Year":2010,"Count":64210,"State":"HAWAII","StateCode":"HI"},{"Year":2010,"Count":56288,"State":"IDAHO","StateCode":"ID"},{"Year":2010,"Count":582132,"State":"ILLINOIS","StateCode":"IL"},{"Year":2010,"Count":197577,"State":"INDIANA","StateCode":"IN"},{"Year":2010,"Count":105984,"State":"IOWA","StateCode":"IA"},{"Year":2010,"Count":97192,"State":"KANSAS","StateCode":"KS"},{"Year":2010,"Count":104305,"State":"KENTUCKY","StateCode":"KY"},{"Year":2010,"Count":114914,"State":"LOUISIANA","StateCode":"LA"},{"Year":2010,"Count":61929,"State":"MAINE","StateCode":"ME"},{"Year":2010,"Count":298455,"State":"MARYLAND","StateCode":"MD"},{"Year":2010,"Count":383622,"State":"MASSACHUSETTS","StateCode":"MA"},{"Year":2010,"Count":364210,"State":"MICHIGAN","StateCode":"MI"},{"Year":2010,"Count":259164,"State":"MINNESOTA","StateCode":"MN"},{"Year":2010,"Count":54333,"State":"MISSISSIPPI","StateCode":"MS"},{"Year":2010,"Count":189889,"State":"MISSOURI","StateCode":"MO"},{"Year":2010,"Count":40840,"State":"MONTANA","StateCode":"MT"},{"Year":2010,"Count":65493,"State":"NEBRASKA","StateCode":"NE"},{"Year":2010,"Count":109853,"State":"NEVADA","StateCode":"NV"},{"Year":2010,"Count":69822,"State":"NEW HAMPSHIRE","StateCode":"NH"},{"Year":2010,"Count":550767,"State":"NEW JERSEY","StateCode":"NJ"},{"Year":2010,"Count":71166,"State":"NEW MEXICO","StateCode":"NM"},{"Year":2010,"Count":1129735,"State":"NEW YORK","StateCode":"NY"},{"Year":2010,"Count":304380,"State":"NORTH CAROLINA","StateCode":"NC"},{"Year":2010,"Count":29765,"State":"NORTH DAKOTA","StateCode":"ND"},{"Year":2010,"Count":3191,"State":"NORTHERN MARIANAS","StateCode":"MP"},{"Year":2010,"Count":392796,"State":"OHIO","StateCode":"OH"},{"Year":2010,"Count":107209,"State":"OKLAHOMA","StateCode":"OK"},{"Year":2010,"Count":165062,"State":"OREGON","StateCode":"OR"},{"Year":2010,"Count":525289,"State":"PENNSYLVANIA","StateCode":"PA"},{"Year":2010,"Count":109327,"State":"PUERTO RICO","StateCode":"PR"},{"Year":2010,"Count":50235,"State":"RHODE ISLAND","StateCode":"RI"},{"Year":2010,"Count":134439,"State":"SOUTH CAROLINA","StateCode":"SC"},{"Year":2010,"Count":28642,"State":"SOUTH DAKOTA","StateCode":"SD"},{"Year":2010,"Count":171100,"State":"TENNESSEE","StateCode":"TN"},{"Year":2010,"Count":1012826,"State":"TEXAS","StateCode":"TX"},{"Year":2010,"Count":123384,"State":"UTAH","StateCode":"UT"},{"Year":2010,"Count":31133,"State":"VERMONT","StateCode":"VT"},{"Year":2010,"Count":10118,"State":"VIRGIN ISLANDS","StateCode":"VI"},{"Year":2010,"Count":373227,"State":"VIRGINIA","StateCode":"VA"},{"Year":2010,"Count":340542,"State":"WASHINGTON","StateCode":"WA"},{"Year":2010,"Count":36150,"State":"WEST VIRGINIA","StateCode":"WV"},{"Year":2010,"Count":218464,"State":"WISCONSIN","StateCode":"WI"},{"Year":2010,"Count":19738,"State":"WYOMING","StateCode":"WY"},{"Year":2009,"Count":104254,"State":"ALABAMA","StateCode":"AL"},{"Year":2009,"Count":41637,"State":"ALASKA","StateCode":"AK"},{"Year":2009,"Count":1466,"State":"AMERICAN SAMOA","StateCode":"AS"},{"Year":2009,"Count":304003,"State":"ARIZONA","StateCode":"AZ"},{"Year":2009,"Count":63504,"State":"ARKANSAS","StateCode":"AR"},{"Year":2009,"Count":1899795,"State":"CALIFORNIA","StateCode":"CA"},{"Year":2009,"Count":225982,"State":"COLORADO","StateCode":"CO"},{"Year":2009,"Count":180893,"State":"CONNECTICUT","StateCode":"CT"},{"Year":2009,"Count":33584,"State":"DELAWARE","StateCode":"DE"},{"Year":2009,"Count":187228,"State":"DISTRICT OF COLUMBIA","StateCode":"DC"},{"Year":2009,"Count":853543,"State":"FLORIDA","StateCode":"FL"},{"Year":2009,"Count":320928,"State":"GEORGIA","StateCode":"GA"},{"Year":2009,"Count":11647,"State":"GUAM","StateCode":"GU"},{"Year":2009,"Count":60005,"State":"HAWAII","StateCode":"HI"},{"Year":2009,"Count":53779,"State":"IDAHO","StateCode":"ID"},{"Year":2009,"Count":534621,"State":"ILLINOIS","StateCode":"IL"},{"Year":2009,"Count":174461,"State":"INDIANA","StateCode":"IN"},{"Year":2009,"Count":101659,"State":"IOWA","StateCode":"IA"},{"Year":2009,"Count":93391,"State":"KANSAS","StateCode":"KS"},{"Year":2009,"Count":92779,"State":"KENTUCKY","StateCode":"KY"},{"Year":2009,"Count":120902,"State":"LOUISIANA","StateCode":"LA"},{"Year":2009,"Count":69836,"State":"MAINE","StateCode":"ME"},{"Year":2009,"Count":269930,"State":"MARYLAND","StateCode":"MD"},{"Year":2009,"Count":358103,"State":"MASSACHUSETTS","StateCode":"MA"},{"Year":2009,"Count":377101,"State":"MICHIGAN","StateCode":"MI"},{"Year":2009,"Count":249319,"State":"MINNESOTA","StateCode":"MN"},{"Year":2009,"Count":51921,"State":"MISSISSIPPI","StateCode":"MS"},{"Year":2009,"Count":173921,"State":"MISSOURI","StateCode":"MO"},{"Year":2009,"Count":39756,"State":"MONTANA","StateCode":"MT"},{"Year":2009,"Count":59795,"State":"NEBRASKA","StateCode":"NE"},{"Year":2009,"Count":104354,"State":"NEVADA","StateCode":"NV"},{"Year":2009,"Count":65661,"State":"NEW HAMPSHIRE","StateCode":"NH"},{"Year":2009,"Count":495521,"State":"NEW JERSEY","StateCode":"NJ"},{"Year":2009,"Count":70557,"State":"NEW MEXICO","StateCode":"NM"},{"Year":2009,"Count":1055530,"State":"NEW YORK","StateCode":"NY"},{"Year":2009,"Count":283628,"State":"NORTH CAROLINA","StateCode":"NC"},{"Year":2009,"Count":31639,"State":"NORTH DAKOTA","StateCode":"ND"},{"Year":2009,"Count":3312,"State":"NORTHERN MARIANAS","StateCode":"MP"},{"Year":2009,"Count":360828,"State":"OHIO","StateCode":"OH"},{"Year":2009,"Count":107546,"State":"OKLAHOMA","StateCode":"OK"},{"Year":2009,"Count":155345,"State":"OREGON","StateCode":"OR"},{"Year":2009,"Count":482245,"State":"PENNSYLVANIA","StateCode":"PA"},{"Year":2009,"Count":120150,"State":"PUERTO RICO","StateCode":"PR"},{"Year":2009,"Count":46370,"State":"RHODE ISLAND","StateCode":"RI"},{"Year":2009,"Count":124831,"State":"SOUTH CAROLINA","StateCode":"SC"},{"Year":2009,"Count":25329,"State":"SOUTH DAKOTA","StateCode":"SD"},{"Year":2009,"Count":156006,"State":"TENNESSEE","StateCode":"TN"},{"Year":2009,"Count":1194060,"State":"TEXAS","StateCode":"TX"},{"Year":2009,"Count":112560,"State":"UTAH","StateCode":"UT"},{"Year":2009,"Count":32978,"State":"VERMONT","StateCode":"VT"},{"Year":2009,"Count":10707,"State":"VIRGIN ISLANDS","StateCode":"VI"},{"Year":2009,"Count":340907,"State":"VIRGINIA","StateCode":"VA"},{"Year":2009,"Count":334307,"State":"WASHINGTON","StateCode":"WA"},{"Year":2009,"Count":33151,"State":"WEST VIRGINIA","StateCode":"WV"},{"Year":2009,"Count":201697,"State":"WISCONSIN","StateCode":"WI"},{"Year":2009,"Count":19276,"State":"WYOMING","StateCode":"WY"},{"Year":2008,"Count":127641,"State":"ALABAMA","StateCode":"AL"},{"Year":2008,"Count":46608,"State":"ALASKA","StateCode":"AK"},{"Year":2008,"Count":1826,"State":"AMERICAN SAMOA","StateCode":"AS"},{"Year":2008,"Count":349932,"State":"ARIZONA","StateCode":"AZ"},{"Year":2008,"Count":78014,"State":"ARKANSAS","StateCode":"AR"},{"Year":2008,"Count":2396769,"State":"CALIFORNIA","StateCode":"CA"},{"Year":2008,"Count":299164,"State":"COLORADO","StateCode":"CO"},{"Year":2008,"Count":222977,"State":"CONNECTICUT","StateCode":"CT"},{"Year":2008,"Count":42047,"State":"DELAWARE","StateCode":"DE"},{"Year":2008,"Count":205477,"State":"DISTRICT OF COLUMBIA","StateCode":"DC"},{"Year":2008,"Count":1013576,"State":"FLORIDA","StateCode":"FL"},{"Year":2008,"Count":400966,"State":"GEORGIA","StateCode":"GA"},{"Year":2008,"Count":14581,"State":"GUAM","StateCode":"GU"},{"Year":2008,"Count":68876,"State":"HAWAII","StateCode":"HI"},{"Year":2008,"Count":69771,"State":"IDAHO","StateCode":"ID"},{"Year":2008,"Count":703219,"State":"ILLINOIS","StateCode":"IL"},{"Year":2008,"Count":222289,"State":"INDIANA","StateCode":"IN"},{"Year":2008,"Count":122570,"State":"IOWA","StateCode":"IA"},{"Year":2008,"Count":115933,"State":"KANSAS","StateCode":"KS"},{"Year":2008,"Count":110981,"State":"KENTUCKY","StateCode":"KY"},{"Year":2008,"Count":142410,"State":"LOUISIANA","StateCode":"LA"},{"Year":2008,"Count":67587,"State":"MAINE","StateCode":"ME"},{"Year":2008,"Count":333533,"State":"MARYLAND","StateCode":"MD"},{"Year":2008,"Count":415867,"State":"MASSACHUSETTS","StateCode":"MA"},{"Year":2008,"Count":427239,"State":"MICHIGAN","StateCode":"MI"},{"Year":2008,"Count":295763,"State":"MINNESOTA","StateCode":"MN"},{"Year":2008,"Count":61628,"State":"MISSISSIPPI","StateCode":"MS"},{"Year":2008,"Count":217797,"State":"MISSOURI","StateCode":"MO"},{"Year":2008,"Count":47927,"State":"MONTANA","StateCode":"MT"},{"Year":2008,"Count":75828,"State":"NEBRASKA","StateCode":"NE"},{"Year":2008,"Count":134679,"State":"NEVADA","StateCode":"NV"},{"Year":2008,"Count":80497,"State":"NEW HAMPSHIRE","StateCode":"NH"},{"Year":2008,"Count":629308,"State":"NEW JERSEY","StateCode":"NJ"},{"Year":2008,"Count":82240,"State":"NEW MEXICO","StateCode":"NM"},{"Year":2008,"Count":1231200,"State":"NEW YORK","StateCode":"NY"},{"Year":2008,"Count":345993,"State":"NORTH CAROLINA","StateCode":"NC"},{"Year":2008,"Count":31767,"State":"NORTH DAKOTA","StateCode":"ND"},{"Year":2008,"Count":4629,"State":"NORTHERN MARIANAS","StateCode":"MP"},{"Year":2008,"Count":404342,"State":"OHIO","StateCode":"OH"},{"Year":2008,"Count":138189,"State":"OKLAHOMA","StateCode":"OK"},{"Year":2008,"Count":119054,"State":"OREGON","StateCode":"OR"},{"Year":2008,"Count":582677,"State":"PENNSYLVANIA","StateCode":"PA"},{"Year":2008,"Count":159212,"State":"PUERTO RICO","StateCode":"PR"},{"Year":2008,"Count":58319,"State":"RHODE ISLAND","StateCode":"RI"},{"Year":2008,"Count":164361,"State":"SOUTH CAROLINA","StateCode":"SC"},{"Year":2008,"Count":31107,"State":"SOUTH DAKOTA","StateCode":"SD"},{"Year":2008,"Count":193024,"State":"TENNESSEE","StateCode":"TN"},{"Year":2008,"Count":1389489,"State":"TEXAS","StateCode":"TX"},{"Year":2008,"Count":146427,"State":"UTAH","StateCode":"UT"},{"Year":2008,"Count":33716,"State":"VERMONT","StateCode":"VT"},{"Year":2008,"Count":12004,"State":"VIRGIN ISLANDS","StateCode":"VI"},{"Year":2008,"Count":404762,"State":"VIRGINIA","StateCode":"VA"},{"Year":2008,"Count":404719,"State":"WASHINGTON","StateCode":"WA"},{"Year":2008,"Count":38955,"State":"WEST VIRGINIA","StateCode":"WV"},{"Year":2008,"Count":247467,"State":"WISCONSIN","StateCode":"WI"},{"Year":2008,"Count":25215,"State":"WYOMING","StateCode":"WY"},{"Year":2007,"Count":135553,"State":"ALABAMA","StateCode":"AL"},{"Year":2007,"Count":53722,"State":"ALASKA","StateCode":"AK"},{"Year":2007,"Count":1940,"State":"AMERICAN SAMOA","StateCode":"AS"},{"Year":2007,"Count":366184,"State":"ARIZONA","StateCode":"AZ"},{"Year":2007,"Count":83967,"State":"ARKANSAS","StateCode":"AR"},{"Year":2007,"Count":2733749,"State":"CALIFORNIA","StateCode":"CA"},{"Year":2007,"Count":340158,"State":"COLORADO","StateCode":"CO"},{"Year":2007,"Count":265356,"State":"CONNECTICUT","StateCode":"CT"},{"Year":2007,"Count":48760,"State":"DELAWARE","StateCode":"DE"},{"Year":2007,"Count":191072,"State":"DISTRICT OF COLUMBIA","StateCode":"DC"},{"Year":2007,"Count":1201008,"State":"FLORIDA","StateCode":"FL"},{"Year":2007,"Count":428442,"State":"GEORGIA","StateCode":"GA"},{"Year":2007,"Count":14973,"State":"GUAM","StateCode":"GU"},{"Year":2007,"Count":78623,"State":"HAWAII","StateCode":"HI"},{"Year":2007,"Count":78739,"State":"IDAHO","StateCode":"ID"},{"Year":2007,"Count":851730,"State":"ILLINOIS","StateCode":"IL"},{"Year":2007,"Count":254584,"State":"INDIANA","StateCode":"IN"},{"Year":2007,"Count":149175,"State":"IOWA","StateCode":"IA"},{"Year":2007,"Count":129169,"State":"KANSAS","StateCode":"KS"},{"Year":2007,"Count":124768,"State":"KENTUCKY","StateCode":"KY"},{"Year":2007,"Count":156194,"State":"LOUISIANA","StateCode":"LA"},{"Year":2007,"Count":74937,"State":"MAINE","StateCode":"ME"},{"Year":2007,"Count":396191,"State":"MARYLAND","StateCode":"MD"},{"Year":2007,"Count":503451,"State":"MASSACHUSETTS","StateCode":"MA"},{"Year":2007,"Count":527143,"State":"MICHIGAN","StateCode":"MI"},{"Year":2007,"Count":386864,"State":"MINNESOTA","StateCode":"MN"},{"Year":2007,"Count":67890,"State":"MISSISSIPPI","StateCode":"MS"},{"Year":2007,"Count":264593,"State":"MISSOURI","StateCode":"MO"},{"Year":2007,"Count":56018,"State":"MONTANA","StateCode":"MT"},{"Year":2007,"Count":83590,"State":"NEBRASKA","StateCode":"NE"},{"Year":2007,"Count":157092,"State":"NEVADA","StateCode":"NV"},{"Year":2007,"Count":96747,"State":"NEW HAMPSHIRE","StateCode":"NH"},{"Year":2007,"Count":728454,"State":"NEW JERSEY","StateCode":"NJ"},{"Year":2007,"Count":81683,"State":"NEW MEXICO","StateCode":"NM"},{"Year":2007,"Count":1425715,"State":"NEW YORK","StateCode":"NY"},{"Year":2007,"Count":369822,"State":"NORTH CAROLINA","StateCode":"NC"},{"Year":2007,"Count":36783,"State":"NORTH DAKOTA","StateCode":"ND"},{"Year":2007,"Count":4092,"State":"NORTHERN MARIANAS","StateCode":"MP"},{"Year":2007,"Count":489887,"State":"OHIO","StateCode":"OH"},{"Year":2007,"Count":145626,"State":"OKLAHOMA","StateCode":"OK"},{"Year":2007,"Count":225462,"State":"OREGON","StateCode":"OR"},{"Year":2007,"Count":701686,"State":"PENNSYLVANIA","StateCode":"PA"},{"Year":2007,"Count":234221,"State":"PUERTO RICO","StateCode":"PR"},{"Year":2007,"Count":74110,"State":"RHODE ISLAND","StateCode":"RI"},{"Year":2007,"Count":170118,"State":"SOUTH CAROLINA","StateCode":"SC"},{"Year":2007,"Count":37658,"State":"SOUTH DAKOTA","StateCode":"SD"},{"Year":2007,"Count":210365,"State":"TENNESSEE","StateCode":"TN"},{"Year":2007,"Count":1311781,"State":"TEXAS","StateCode":"TX"},{"Year":2007,"Count":163332,"State":"UTAH","StateCode":"UT"},{"Year":2007,"Count":43132,"State":"VERMONT","StateCode":"VT"},{"Year":2007,"Count":13723,"State":"VIRGIN ISLANDS","StateCode":"VI"},{"Year":2007,"Count":454394,"State":"VIRGINIA","StateCode":"VA"},{"Year":2007,"Count":461239,"State":"WASHINGTON","StateCode":"WA"},{"Year":2007,"Count":43176,"State":"WEST VIRGINIA","StateCode":"WV"},{"Year":2007,"Count":326345,"State":"WISCONSIN","StateCode":"WI"},{"Year":2007,"Count":29103,"State":"WYOMING","StateCode":"WY"}]